trial_id,start_time,end_time,label
1,1758648512.6781735,1758648515.678252,contraccion
1,1758648515.6783743,1758648520.6784527,relajacion
2,1758648522.6787267,1758648525.6788058,contraccion
2,1758648525.678847,1758648530.6789267,relajacion
3,1758648532.6793013,1758648535.6793697,contraccion
3,1758648535.6794007,1758648540.679474,relajacion
