trial_id,start_time,end_time,label
1,1759963812.0731127,1759963814.0731812,contraccion
1,1759963814.0733402,1759963816.0734053,relajacion
2,1759963818.0757651,1759963820.0758343,contraccion
2,1759963820.075972,1759963822.0760365,relajacion
