trial_id,start_time,end_time,label
1,1759963922.146254,1759963924.1463368,contraccion
1,1759963924.146488,1759963926.146558,relajacion
2,1759963928.1488364,1759963930.1488988,contraccion
2,1759963930.1490312,1759963932.1490996,relajacion
