trial_id,start_time,end_time,label
1,1760126457.9719625,1760126459.9720254,contraccion
1,1760126459.9721456,1760126461.9722373,relajacion
2,1760126463.9744701,1760126465.9745352,contraccion
2,1760126465.9745688,1760126467.974632,relajacion
