trial_id,start_time,end_time,label
1,1759940083.440247,1759940085.4403107,contraccion
1,1759940085.4403355,1759940087.4404006,relajacion
2,1759940089.4424746,1759940091.4425392,contraccion
2,1759940091.442576,1759940093.442637,relajacion
