trial_id,start_time,end_time,label
1,1760126372.8421645,1760126374.842228,contraccion
1,1760126374.84238,1760126376.8424416,relajacion
2,1760126378.844848,1760126380.8449125,contraccion
2,1760126380.8450544,1760126382.8451164,relajacion
