trial_id,start_time,end_time,label
1,1759962674.7649038,1759962676.7649648,contraccion
1,1759962676.7649994,1759962678.7650635,relajacion
2,1759962680.7671375,1759962682.7671993,contraccion
2,1759962682.767222,1759962684.767288,relajacion
