trial_id,start_time,end_time,label
1,1759937624.6257546,1759937626.6258163,contraccion
1,1759937626.625963,1759937628.6260297,relajacion
2,1759937630.6281872,1759937632.6282506,contraccion
2,1759937632.6283865,1759937634.628454,relajacion
