trial_id,start_time,end_time,label
1,1760126573.5398054,1760126575.5398686,contraccion
1,1760126575.5399916,1760126577.5400572,relajacion
2,1760126579.542366,1760126581.5424297,contraccion
2,1760126581.5424676,1760126583.5425315,relajacion
